team,player_name
CSK,MS Dhoni
CSK,Parthiv Patel
CSK,Abhinav Mukund
CSK,Srikkanth Anirudha
CSK,Subramaniam Badrinath
CSK,Suresh Raina
CSK,Michael Hussey
CSK,Arun Karthik
CSK,Murali Vijay
CSK,George Bailey
CSK,Wriddhiman Saha
CSK,Faf du Plessis
CSK,Brendon McCullum
CSK,Mithun Manhas
CSK,Ankush Bains
CSK,Eklavya Dwivedi
CSK,Sam Billings
CSK,Narayan Jagadeesan
CSK,Ambati Rayudu
CSK,Dhruv Shorey
CSK,Ruturaj Gaikwad
CSK,C Hari Nishaanth
CSK,Cheteshwar Pujara
CSK,Robin Uthappa
CSK,Devon Conway
CSK,Subhranshu Senapati
CSK,Ajinkya Rahane
CSK,Shaik Rasheed
CSK,Avanish Rao Aravelly
CSK,Dewald Brevis
CSK,Vansh Bedi
CSK,Andre Siddarth
CSK,Rahul Tripathi
CSK,Ayush Mhatre
CSK,Urvil Patel
CSK,Sanju Samson
CSK,Kartik Sharma
CSK,Sarfaraz Khan
CSK,Ravichandran Ashwin
CSK,Albie Morkel
CSK,Jacob Oram
CSK,Thisara Perera
CSK,Scott Styris
CSK,Dwayne Bravo
CSK,Ravindra Jadeja
CSK,Chris Morris
CSK,Jason Holder
CSK,Vijay Shankar
CSK,John Hastings
CSK,Pawan Negi
CSK,David Hussey
CSK,Dwayne Smith
CSK,Kyle Abbott
CSK,Irfan Pathan
CSK,David Willey
CSK,Shardul Thakur
CSK,Chaitanya Bishnoi
CSK,Shane Watson
CSK,Harbhajan Singh
CSK,Kedar Jadhav
CSK,Mitchell Santner
CSK,Scott Kuggeleijn
CSK,Sai Kishore
CSK,Sam Curran
CSK,K Bhagath Varma
CSK,Moeen Ali
CSK,Krishnappa Gowtham
CSK,Dwaine Pretorius
CSK,Rajvardhan Hangargekar
CSK,Shivam Dube
CSK,Ben Stokes
CSK,Nishant Sindhu
CSK,Ajay Mandal
CSK,Rachin Ravindra
CSK,Sameer Rizvi
CSK,Daryl Mitchell
CSK,Anshul Kamboj
CSK,Deepak Hooda
CSK,Ramakrishna Ghosh
CSK,Jamie Overton
CSK,Kamlesh Nagarkoti
CSK,Prashant Veer
CSK,Matthew William Short
CSK,Aman Khan
CSK,Zak Foulkes
CSK,Joginder Sharma
CSK,Shadab Jakati
CSK,Sudeep Tyagi
CSK,Lakshmipathy Balaji
CSK,Manpreet Gony
CSK,Muttiah Muralitharan
CSK,Doug Bollinger
CSK,Yo Mahesh
CSK,Ben Hilfenhaus
CSK,Suraj Randiv
CSK,Nuwan Kulasekara
CSK,Tim Southee
CSK,Akila Dananjaya
CSK,Ankit Rajpoot
CSK,Mohit Sharma
CSK,Ronit More
CSK,Ben Laughlin
CSK,Dirk Nannes
CSK,Matt Henry
CSK,Ishwar Pandey
CSK,Samuel Badree
CSK,Ashish Nehra
CSK,Andrew Tye
CSK,Rahul Sharma
CSK,Imran Tahir
CSK,Deepak Chahar
CSK,KM Asif
CSK,Monu Kumar
CSK,Karn Sharma
CSK,Lungisani Ngidi
CSK,Mark Wood
CSK,Piyush Chawla
CSK,Josh Hazlewood
CSK,M Harishankar Reddy
CSK,Dominic Drakes
CSK,Chris Jordan
CSK,Adam Milne
CSK,Maheesh Theekshana
CSK,Mukesh Choudhary
CSK,Prashant Solanki
CSK,Simarjeet Singh
CSK,Tushar Deshpande
CSK,Matheesha Pathirana
CSK,Sisanda Magala
CSK,Kyle Jamieson
CSK,Richard Gleeson
CSK,Mustafizur Rahman
CSK,Shreyas Gopal
CSK,Nathan Ellis
CSK,Khaleel Ahmed
CSK,Noor Ahmad
CSK,Gurjapneet Singh
CSK,Akeal Hosein
DC,Virender Sehwag
DC,Dinesh Karthik
DC,AB De Villiers
DC,Shikhar Dhawan
DC,Gautam Gambhir
DC,Manoj Tiwary
DC,Mithun Manhas
DC,Yogesh Nagar
DC,Tillakaratne Dilshan
DC,Daniel Vettori
DC,Rajat Bhatia
DC,Yo Mahesh
DC,Pradeep Sangwan
DC,Owais Shah
DC,David Warner
DC,Paul Collingwood
DC,Andrew McDonald
DC,Amit Mishra
DC,Dirk Nannes
DC,Ashish Nehra
DC,Aavishkar Salvi
DC,Moises Henriques
DC,Kedar Jadhav
DC,Sarabjit Ladda
DC,Wayne Parnell
DC,Umesh Yadav
DC,Matthew Wade
DC,Naman Ojha
DC,Aaron Finch
DC,Colin Ingram
DC,Unmukt Chand
DC,Ajit Chandila
DC,Roelof Van Der Merwe
DC,Ajit Agarkar
DC,Irfan Pathan
DC,Venugopal Rao
DC,Morne Morkel
DC,Ashok Dinda
DC,Shahbaz Nadeem
DC,Varun Aaron
DC,Kevin Pietersen
DC,Mahela Jayawardene
DC,Manpreet Juneja
DC,Glenn Maxwell
DC,Andre Russell
DC,Pawan Negi
DC,Doug Bracewell
DC,Sunny Gupta
DC,Chidhambaram Gautam
DC,Bharat Chipli
DC,Johan Botha
DC,Jeevan Mendis
DC,Siddharth Kaul
DC,Quinton De Kock
DC,Ross Taylor
DC,Saurabh Tiwary
DC,Murali Vijay
DC,Milind Kumar
DC,Mayank Agarwal
DC,Jimmy Neesham
DC,Jayant Yadav
DC,JP Duminy
DC,Laxmi Ratan Shukla
DC,Imran Tahir
DC,Rahul Shukla
DC,Nathan Coulter-Nile
DC,Jaydev Unadkat
DC,Mohammad Shami
DC,Rahul Sharma
DC,K.S Bharat
DC,Shreyas Iyer
DC,Travis Head
DC,Marcus Stoinis
DC,Angelo Mathews
DC,Albie Morkel
DC,Yuvraj Singh
DC,Zaheer Khan
DC,Domnic Joseph
DC,Gurinder Sandhu
DC,Sanju Samson
DC,Rishabh Pant
DC,Sam Billings
DC,Karun Nair
DC,Carlos Brathwaite
DC,Chris Morris
DC,Mahipal Lomror
DC,Pawan Suyal
DC,Khaleel Ahmed
DC,Chama Milind
DC,Aditya Tare
DC,Shashank Singh
DC,Corey Anderson
DC,Marlon Samuels
DC,Kagiso Rabada
DC,Ben Hilfenhaus
DC,Pat Cummins
DC,Navdeep Saini
DC,Murugan Ashwin
DC,Colin Munro
DC,Manjot Kalra
DC,Jason Roy
DC,Prithvi Shaw
DC,Gurkeerat Mann Singh
DC,Harshal Patel
DC,Abhishek Sharma
DC,Dan Christian
DC,Vijay Shankar
DC,Sandeep Lamichhane
DC,Trent Boult
DC,Rahul Tewatia
DC,Avesh Khan
DC,Sayan Ghosh
DC,Ankush Bains
DC,Sherfane Rutherford
DC,Hanuma Vihari
DC,Axar Patel
DC,Keemo Paul
DC,Jalaj Saxena
DC,Bandaru Ayyappa
DC,Ishant Sharma
DC,Nathu Singh
DC,Jagadeesha Suchith
DC,Alex Carey
DC,Shimron Hetmyer
DC,Ravichandran Ashwin
DC,Daniel Sams
DC,Lalit Yadav
DC,Mohit Sharma
DC,Pravin Dubey
DC,Tushar Deshpande
DC,Anrich Nortje
DC,Vishnu Vinod
DC,Ripal Patel
DC,Ben Dwarshuis
DC,Chris Woakes
DC,Steve Smith
DC,M. Siddharth
DC,Lukman Meriwala
DC,Kulwant Khejroliya
DC,Tom Curran
DC,Mandeep Singh
DC,Rovman Powell
DC,Tim Seifert
DC,Sarfaraz Khan
DC,Yash Dhull
DC,Kamlesh Nagarkoti
DC,Mitchell Marsh
DC,Vicky Ostwal
DC,Shardul Thakur
DC,Chetan Sakariya
DC,Kuldeep Yadav
DC,Lungisani Ngidi
DC,Mustafizur Rahman
DC,Priyam Garg
DC,Phil Salt
DC,Manish Pandey
DC,Rilee Rossouw
DC,Abishek Porel
DC,Mukesh Kumar
DC,Jake Fraser-McGurk
DC,Shai Hope
DC,Swastik Chhikara
DC,Harry Brook
DC,Ricky Bhui
DC,Kumar Kushagra
DC,Tristan Stubbs
DC,Gulbadin Naib
DC,Sumit Kumar
DC,Jhye Richardson
DC,Lizaad Williams
DC,Rasikh Dar
DC,KL Rahul
DC,Faf Du Plessis
DC,Donovan Ferreira
DC,Sediqullah Atal
DC,Sameer Rizvi
DC,Ashutosh Sharma
DC,Darshan Nalkande
DC,Vipraj Nigam
DC,Ajay Mandal
DC,Manvanth Kumar
DC,Tripurana Vijay
DC,Madhav Tiwari
DC,Mitchell Starc
DC,T Natarajan
DC,Dushmantha Chameera
DC,David Miller
DC,Ben Duckett
DC,Pathum Nissanka
DC,Sahil Parakh
DC,Auqib Dar
DC,Nitish Rana
DC,Kyle Jamieson
GT,Abhinav Manohar
GT,David Miller
GT,Rahmanullah Gurbaz
GT,Shubman Gill
GT,Matthew Wade
GT,Wriddhiman Saha
GT,Gurkeerat Mann Singh
GT,Hardik Pandya
GT,Sai Sudharsan
GT,Darshan Nalkande
GT,Jayant Yadav
GT,Vijay Shankar
GT,Sai Kishore
GT,Dominic Drakes
GT,Pradeep Sangwan
GT,Rahul Tewatia
GT,Alzarri Joseph
GT,Lockie Ferguson
GT,Mohammad Shami
GT,Noor Ahmad
GT,Rashid Khan
GT,Varun Aaron
GT,Yash Dayal
GT,Kane Williamson
GT,Urvil Patel
GT,K.S Bharat
GT,Odean Smith
GT,Dasun Shanaka
GT,Shivam Mavi
GT,Joshua Little
GT,Mohit Sharma
GT,BR Sharath
GT,Azmatullah Omarzai
GT,Shahrukh Khan
GT,Sandeep Warrier
GT,Gurnoor Brar
GT,Kartik Tyagi
GT,Sushant Mishra
GT,Spencer Johnson
GT,Umesh Yadav
GT,Manav Suthar
GT,Kumar Kushagra
GT,Anuj Rawat
GT,Sherfane Rutherford
GT,Kusal Mendis
GT,Nishant Sindhu
GT,Mahipal Lomror
GT,Washington Sundar
GT,Mohd Arshad Khan
GT,Karim Janat
GT,Kagiso Rabada
GT,Mohammed Siraj
GT,Prasidh Krishna
GT,Gerald Coetzee
GT,Gurnoor Singh Brar
GT,Ishant Sharma
GT,Kulwant Khejroliya
GT,Jos Buttler
GT,Tom Banton
GT,Glenn Phillips
GT,Jason Holder
GT,Ashok Sharma
GT,Prithvi Raj Yarra
GT,Luke Wood
KKR,Brendon McCullum
KKR,Wriddhiman Saha
KKR,Debabrata Das
KKR,Aakash Chopra
KKR,Cheteshwar Pujara
KKR,Brad Hodge
KKR,Ricky Ponting
KKR,Sourav Ganguly
KKR,Laxmi Ratan Shukla
KKR,Chris Gayle
KKR,Ajit Agarkar
KKR,David Hussey
KKR,Iqbal Abdulla
KKR,Ajantha Mendis
KKR,Ishant Sharma
KKR,Ashok Dinda
KKR,Sanju Samson
KKR,Murali Kartik
KKR,Siddharth Kaul
KKR,Moises Henriques
KKR,Angelo Mathews
KKR,Charl Langeveldt
KKR,Anureet Singh
KKR,Owais Shah
KKR,Manoj Tiwary
KKR,Jaydev Unadkat
KKR,Varun Aaron
KKR,Brad Haddin
KKR,Manvinder Bisla
KKR,Shreevats Goswami
KKR,Eoin Morgan
KKR,Gautam Gambhir
KKR,Yusuf Pathan
KKR,Jacques Kallis
KKR,Ryan Ten Doeschate
KKR,Shakib Al Hasan
KKR,Rajat Bhatia
KKR,Brett Lee
KKR,James Pattinson
KKR,Lakshmipathy Balaji
KKR,Pradeep Sangwan
KKR,Sarabjit Ladda
KKR,Mohammed Shami
KKR,Sunil Narine
KKR,Marchant De Lange
KKR,Paras Dogra
KKR,Sumit Narwal
KKR,Ryan McLaren
KKR,Sachithra Senanayake
KKR,Surya Kumar Yadav
KKR,Chris Lynn
KKR,Manish Pandey
KKR,Robin Uthappa
KKR,Andre Russell
KKR,Kuldeep Yadav
KKR,Vinay Kumar
KKR,Pat Cummins
KKR,Morne Morkel
KKR,Piyush Chawla
KKR,Veer Pratap Singh
KKR,Umesh Yadav
KKR,Sheldon Jackson
KKR,Azhar Mahmood
KKR,Jimmy Neesham
KKR,Johan Botha
KKR,Brad Hogg
KKR,KC Cariappa
KKR,Colin Munro
KKR,John Hastings
KKR,Rajagopal Sathish
KKR,Shaun Tait
KKR,Ishank Jaggi
KKR,Rovman Powell
KKR,Rishi Dhawan
KKR,Chris Woakes
KKR,Colin De Grandhomme
KKR,Nathan Coulter-Nile
KKR,Trent Boult
KKR,Sayan Ghosh
KKR,R Sanjay Yadav
KKR,Dinesh Karthik
KKR,Shubman Gill
KKR,Rinku Singh
KKR,Nitish Rana
KKR,Mitchell Johnson
KKR,Javon Searles
KKR,Shivam Mavi
KKR,Prasidh Krishna
KKR,Tom Curran
KKR,Nikhil Naik
KKR,Carlos Brathwaite
KKR,Shrikant Mundhe
KKR,Joe Denly
KKR,Sandeep Warrier
KKR,Harry Gurney
KKR,Matthew Kelly
KKR,Lockie Ferguson
KKR,Prithvi Raj Yarra
KKR,Tim Seifert
KKR,Tom Banton
KKR,Siddhesh Lad
KKR,Rahul Tripathi
KKR,Kamlesh Nagarkoti
KKR,Chris Green
KKR,M Siddharth
KKR,Varun Chakaravarthy
KKR,Ali Khan
KKR,Karun Nair
KKR,Gurkeerat Mann Singh
KKR,Venkatesh Iyer
KKR,Harbhajan Singh
KKR,Pawan Negi
KKR,Vaibhav Arora
KKR,Ben Cutting
KKR,Tim Southee
KKR,Shreyas Iyer
KKR,Ajinkya Rahane
KKR,Aaron Finch
KKR,Abhijeet Tomar
KKR,Pratham Singh
KKR,Sam Billings
KKR,Baba Indrajith
KKR,Ramesh Kumar
KKR,Mohammad Nabi
KKR,Anukul Roy
KKR,Chamika Karunaratne
KKR,Aman Khan
KKR,Harshit Rana
KKR,Ashok Sharma
KKR,Rasikh Dar
KKR,Rahmanullah Gurbaz
KKR,Narayan Jagadeesan
KKR,Litton Das
KKR,Mandeep Singh
KKR,Aarya Desai
KKR,Johnson Charles
KKR,Jason Roy
KKR,David Wiese
KKR,Shardul Thakur
KKR,Suyash Sharma
KKR,Kulwant Khejroliya
KKR,Allah Ghazanfar
KKR,Dushmantha Chameera
KKR,Sakib Hussain
KKR,Phil Salt
KKR,K.S Bharat
KKR,Angkrish Raghuvanshi
KKR,Ramandeep Singh
KKR,Mitchell Starc
KKR,Quinton De Kock
KKR,Luvnith Sisodia
KKR,Anrich Nortje
KKR,Mayank Markande
KKR,Spencer Johnson
KKR,Shivam Shukla
KKR,Cameron Green
KKR,Finn Allen
KKR,Tejasvi Singh
KKR,Sarthak Ranjan
KKR,Daksh Kamra
KKR,Rachin Ravindra
KKR,Matheesha Pathirana
KKR,Kartik Tyagi
KKR,Prashant Solanki
KKR,Akash Deep
KKR,Umran Malik
LSG,KL Rahul
LSG,Evin Lewis
LSG,Manan Vohra
LSG,Manish Pandey
LSG,Quinton De Kock
LSG,Ayush Badoni
LSG,Deepak Hooda
LSG,Jason Holder
LSG,Krishnappa Gowtham
LSG,Karan Sharma
LSG,Krunal Pandya
LSG,Kyle Mayers
LSG,Marcus Stoinis
LSG,Ankit Rajpoot
LSG,Avesh Khan
LSG,Dushmantha Chameera
LSG,Andrew Tye
LSG,Mayank Yadav
LSG,Mohsin Khan
LSG,Ravi Bishnoi
LSG,Shahbaz Nadeem
LSG,Karun Nair
LSG,Nicholas Pooran
LSG,Romario Shepherd
LSG,Daniel Sams
LSG,Swapnil Singh
LSG,Prerak Mankad
LSG,Suryansh Shedge
LSG,Yudhvir Singh Charak
LSG,Mark Wood
LSG,Jaydev Unadkat
LSG,Yash Thakur
LSG,Amit Mishra
LSG,Arpit Guleria
LSG,Naveen Ul Haq
LSG,Devdutt Padikkal
LSG,Ashton Turner
LSG,Mohd Arshad Khan
LSG,Arshin Kulkarni
LSG,David Willey
LSG,Shivam Mavi
LSG,Shamar Joseph
LSG,Matt Henry
LSG,M Siddharth
LSG,Rishabh Pant
LSG,David Miller
LSG,Aiden Markram
LSG,Aryan Juyal
LSG,Himmat Singh
LSG,Matthew Breetzke
LSG,Mitchell Marsh
LSG,Abdul Samad
LSG,Shahbaz Ahamad
LSG,Yuvraj Chaudhary
LSG,Rajvardhan Hangargekar
LSG,Shardul Thakur
LSG,Akash Deep
LSG,Digvesh Singh
LSG,Akash Singh
LSG,Prince Yadav
LSG,William Orourke
LSG,Mukul Choudhary
LSG,Akshat Raghuwanshi
LSG,Josh Inglis
LSG,Wanindu Hasaranga
LSG,Mohammed Shami
LSG,Arjun Tendulkar
LSG,Anrich Nortje
LSG,Naman Tiwari
MI,Sachin Tendulkar
MI,Yogesh Takawale
MI,Ajinkya Rahane
MI,Ankeet Chavan
MI,Siddharth Chitnis
MI,Saurabh Tiwary
MI,Manish Pandey
MI,Robin Uthappa
MI,Abhishek Nayar
MI,Dwayne Bravo
MI,Dwayne Smith
MI,Harbhajan Singh
MI,Swapnil Singh
MI,Lasith Malinga
MI,Dhawal Kulkarni
MI,Ashish Nehra
MI,Shikhar Dhawan
MI,Ryan McLaren
MI,JP Duminy
MI,Zaheer Khan
MI,Aditya Tare
MI,Ambati Rayudu
MI,Rajagopal Sathish
MI,Quinton de Kock
MI,Kieron Pollard
MI,Stuart Binny
MI,Rahul Shukla
MI,Abu Nechim
MI,Ali Murtaza
MI,Davy Jacobs
MI,Aiden Blizzard
MI,Rohit Sharma
MI,Hardik Pandya
MI,Surya Kumar Yadav
MI,Tirumalasetti Suman
MI,Moises Henriques
MI,James Franklin
MI,Clint McKay
MI,Munaf Patel
MI,Pawan Suyal
MI,Yuzvendra Chahal
MI,Dinesh Karthik
MI,Herschelle Gibbs
MI,Kuldeep Yadav
MI,Pragyan Ojha
MI,RP Singh
MI,Ricky Ponting
MI,Rishi Dhawan
MI,Mitchell Johnson
MI,Axar Patel
MI,Glenn Maxwell
MI,Jacob Oram
MI,Jalaj Saxena
MI,Nathan Coulter-Nile
MI,Jasprit Bumrah
MI,Ben Dunk
MI,Chidhambaram Gautam
MI,Lendl Simmons
MI,Michael Hussey
MI,Corey Anderson
MI,Shreyas Gopal
MI,Marchant De Lange
MI,Praveen Kumar
MI,Krishmar Santokie
MI,Josh Hazlewood
MI,Colin Munro
MI,Aaron Finch
MI,Parthiv Patel
MI,Siddhesh Lad
MI,Unmukt Chand
MI,Alex Hales
MI,Ben Hilfenhaus
MI,Abhimanyu Mithun
MI,Mitchell McClenaghan
MI,Vinay Kumar
MI,Jagadeesha Suchith
MI,Jitesh Sharma
MI,Jos Buttler
MI,Martin Guptill
MI,Nitish Rana
MI,Nathu Singh
MI,Tim Southee
MI,Nicholas Pooran
MI,Karn Sharma
MI,Kulwant Khejroliya
MI,Ishan Kishan
MI,Evin Lewis
MI,Tajinder Singh
MI,Anukul Roy
MI,Akila Dananjaya
MI,Ben Cutting
MI,Mayank Markande
MI,Mohsin Khan
MI,Adam Milne
MI,Rahul Chahar
MI,Mustafizur Rahman
MI,Jayant Yadav
MI,Yuvraj Singh
MI,Pankaj Jaswal
MI,Beuran Hendricks
MI,Alzarri Joseph
MI,Jason Behrendorff
MI,Barinder Sran
MI,Rasikh Salam
MI,Chris Lynn
MI,Sherfane Rutherford
MI,Prince Balwant Rai Singh
MI,Digvijay Deshmukh
MI,James Pattinson
MI,Trent Boult
MI,Roosh Kalaria
MI,Jimmy Neesham
MI,Yudhvir Singh Charak
MI,Marco Jansen
MI,Arjun Tendulkar
MI,Piyush Chawla
MI,Simarjeet Singh
MI,Dewald Brevis
MI,N Tilak Varma
MI,Sanjay Yadav
MI,Tristan Stubbs
MI,Daniel Sams
MI,Fabian Allen
MI,Mohd Arshad Khan
MI,Ramandeep Singh
MI,Tim David
MI,Hrithik Shokeen
MI,Jofra Archer
MI,Basil Thampi
MI,Jaydev Unadkat
MI,Murugan Ashwin
MI,Riley Meredith
MI,Tymal Mills
MI,Kumar Kartikeya Singh
MI,Akash Madhwal
MI,Cameron Green
MI,Nehal Wadhera
MI,Vishnu Vinod
MI,Shams Mulani
MI,Duan Jansen
MI,Chris Jordan
MI,Jhye Richardson
MI,Sandeep Warrier
MI,Raghav Goyal
MI,Harvik Desai
MI,Mohammad Nabi
MI,Romario Shepherd
MI,Anshul Kamboj
MI,Naman Dhir
MI,Shivalik Sharma
MI,Kwena Maphaka
MI,Luke Wood
MI,Gerald Coetzee
MI,Dilshan Madushanka
MI,Nuwan Thushara
MI,Robin Minz
MI,Shrijith Krishnan
MI,Bevon Jacobs
MI,Jonny Bairstow
MI,Raj Angad Bawa
MI,Mitchell Santner
MI,Ashwani Kumar
MI,Reece Topley
MI,V Satyanarayana Penmetsa
MI,Deepak Chahar
MI,Mujeeb Ur Rahman
MI,Raghu Sharma
MI,Charith Asalanka
MI,Richard Gleeson
MI,Ryan Rickelton
MI,Danish Malewar
MI,Atharva Ankolekar
MI,Mayank Rawat
MI,Corbin Bosch
MI,Will Jacks
MI,Shardul Thakur
PBKS,Kumar Sangakkara
PBKS,Nitin Saini
PBKS,Sunny Sohal
PBKS,Tanmay Srivastava
PBKS,Luke Pomersbach
PBKS,Mahela Jayawardene
PBKS,Shaun Marsh
PBKS,Yuvraj Singh
PBKS,Rishi Dhawan
PBKS,Irfan Pathan
PBKS,Brett Lee
PBKS,Piyush Chawla
PBKS,Ramesh Powar
PBKS,Shanthakumaran Sreesanth
PBKS,Manvinder Bisla
PBKS,Mohammad Kaif
PBKS,Bipul Sharma
PBKS,Ravi Bopara
PBKS,Shalabh Srivastava
PBKS,Vikramjeet Malik
PBKS,Juan Theron
PBKS,Adam Gilchrist
PBKS,Dinesh Karthik
PBKS,Mandeep Singh
PBKS,Paras Dogra
PBKS,Paul Valthaty
PBKS,Siddharth Chitnis
PBKS,Sunny Singh
PBKS,David Miller
PBKS,Abhishek Nayar
PBKS,Ryan McLaren
PBKS,David Hussey
PBKS,Dimitri Mascarenhas
PBKS,Bhargav Bhatt
PBKS,Praveen Kumar
PBKS,Nathan Rimmington
PBKS,Ryan Harris
PBKS,Gurkeerat Mann Singh
PBKS,James Faulkner
PBKS,Azhar Mahmood
PBKS,Harmeet Singh Bansal
PBKS,Rajagopal Sathish
PBKS,Kyle Abbott
PBKS,Parvinder Awana
PBKS,Manan Vohra
PBKS,Michael Neser
PBKS,Aniket Choudhary
PBKS,Sandeep Sharma
PBKS,Manpreet Gony
PBKS,George Bailey
PBKS,Wriddhiman Saha
PBKS,Virender Sehwag
PBKS,Cheteshwar Pujara
PBKS,Karanveer Singh
PBKS,Shivam Sharma
PBKS,Shardul Thakur
PBKS,Mitchell Johnson
PBKS,Thisara Perera
PBKS,Axar Patel
PBKS,Glenn Maxwell
PBKS,Lakshmipathy Balaji
PBKS,Beuran Hendricks
PBKS,Anureet Singh
PBKS,Murali Kartik
PBKS,Nikhil Naik
PBKS,Murali Vijay
PBKS,Hashim Amla
PBKS,Farhaan Behardien
PBKS,Pradeep Sahu
PBKS,Marcus Stoinis
PBKS,Swapnil Singh
PBKS,Mohit Sharma
PBKS,KC Cariappa
PBKS,Eoin Morgan
PBKS,Martin Guptill
PBKS,Rinku Singh
PBKS,Rahul Tewatia
PBKS,Matt Henry
PBKS,Ishant Sharma
PBKS,T Natarajan
PBKS,Varun Aaron
PBKS,KL Rahul
PBKS,Aaron Finch
PBKS,Karun Nair
PBKS,Manoj Tiwary
PBKS,Mayank Agarwal
PBKS,Ravichandran Ashwin
PBKS,Ben Dwarshuis
PBKS,Akshdeep Nath
PBKS,Chris Gayle
PBKS,Mayank Dagar
PBKS,Andrew Tye
PBKS,Ankit Rajpoot
PBKS,Barinder Sran
PBKS,Mujeeb Ur Rahman
PBKS,Prabhsimran Singh
PBKS,Nicholas Pooran
PBKS,Sarfaraz Khan
PBKS,Harpreet Brar
PBKS,Moises Henriques
PBKS,Sam Curran
PBKS,Darshan Nalkande
PBKS,Agnivesh Ayachi
PBKS,Murugan Ashwin
PBKS,Varun Chakaravarthy
PBKS,Arshdeep Singh
PBKS,Hardus Viljoen
PBKS,Jimmy Neesham
PBKS,Tajinder Singh
PBKS,Deepak Hooda
PBKS,Krishnappa Gowtham
PBKS,Ishan Porel
PBKS,Chris Jordan
PBKS,Ravi Bishnoi
PBKS,Sheldon Cottrell
PBKS,Jagadeesha Suchith
PBKS,Aiden Markram
PBKS,Dawid Malan
PBKS,Utkarsh Singh
PBKS,Shahrukh Khan
PBKS,Fabian Allen
PBKS,Saurabh Kumar
PBKS,Jalaj Saxena
PBKS,Jhye Richardson
PBKS,Riley Meredith
PBKS,Adil Rashid
PBKS,Nathan Ellis
PBKS,Bhanuka Rajapaksa
PBKS,Shikhar Dhawan
PBKS,Jitesh Sharma
PBKS,Jonny Bairstow
PBKS,Atharva Taide
PBKS,Writtick Chatterjee
PBKS,Ansh Patel
PBKS,Benny Howell
PBKS,Liam Livingstone
PBKS,Odean Smith
PBKS,Prerak Mankad
PBKS,Raj Angad Bawa
PBKS,Baltej Dhanda
PBKS,Kagiso Rabada
PBKS,Vaibhav Arora
PBKS,Harpreet Bhatia
PBKS,Matthew William Short
PBKS,Sikandar Raza
PBKS,Shivam Singh
PBKS,Gurnoor Singh Brar
PBKS,Vidwath Kaverappa
PBKS,Mohit Rathee
PBKS,Rilee Rossouw
PBKS,Shashank Singh
PBKS,Chris Woakes
PBKS,Vishwanath Pratap Singh
PBKS,Ashutosh Sharma
PBKS,Tanay Thyagarajann
PBKS,Harshal Patel
PBKS,Prince Choudhary
PBKS,Harnoor Pannu
PBKS,Josh Inglis
PBKS,Pyla Avinash
PBKS,Shreyas Iyer
PBKS,Vishnu Vinod
PBKS,Nehal Wadhera
PBKS,Azmatullah Omarzai
PBKS,Aaron Hardie
PBKS,Musheer Khan
PBKS,Suryansh Shedge
PBKS,Priyansh Arya
PBKS,Marco Jansen
PBKS,Mitch Owen
PBKS,Kuldeep Sen
PBKS,Vyshak Vijaykumar
PBKS,Yash Thakur
PBKS,Xavier Bartlett
PBKS,Pravin Dubey
PBKS,Yuzvendra Chahal
PBKS,Kyle Jamieson
PBKS,Cooper Connolly
PBKS,Vishal Nishad
PBKS,Lockie Ferguson
RCB,Rahul Dravid
RCB,Shreevats Goswami
RCB,Ross Taylor
RCB,Bharat Chipli
RCB,Virat Kohli
RCB,Cameron White
RCB,Jacques Kallis
RCB,Praveen Kumar
RCB,KP Appanna
RCB,Zaheer Khan
RCB,Vinay Kumar
RCB,Dale Steyn
RCB,Chidhambaram Gautam
RCB,Ishank Jaggi
RCB,Manish Pandey
RCB,Raju Bhatkal
RCB,Kedar Jadhav
RCB,Pankaj Singh
RCB,Eoin Morgan
RCB,Kevin Pietersen
RCB,Robin Uthappa
RCB,Steve Smith
RCB,Roelof Van Der Merwe
RCB,Abhimanyu Mithun
RCB,Bhuvneshwar Kumar
RCB,AB De Villiers
RCB,Arun Karthik
RCB,Asad Pathan
RCB,Cheteshwar Pujara
RCB,Mayank Agarwal
RCB,Mohammad Kaif
RCB,Saurabh Tiwary
RCB,Luke Pomersbach
RCB,Rilee Rossouw
RCB,Daniel Vettori
RCB,Ryan Ninan
RCB,Chris Gayle
RCB,Tillakaratne Dilshan
RCB,Abrar Kazi
RCB,Syed Mohammad
RCB,Sreenath Aravind
RCB,Charl Langeveldt
RCB,Dirk Nannes
RCB,Karun Nair
RCB,Vijay Zol
RCB,Harshal Patel
RCB,Andrew McDonald
RCB,KL Rahul
RCB,Abhinav Mukund
RCB,Sunny Sohal
RCB,Moises Henriques
RCB,Dan Christian
RCB,Sandeep Warrier
RCB,Ravi Rampaul
RCB,Jaydev Unadkat
RCB,RP Singh
RCB,Muttiah Muralitharan
RCB,Murali Kartik
RCB,Parthiv Patel
RCB,Yogesh Takawale
RCB,Tanmay Mishra
RCB,Nic Maddinson
RCB,Yuvraj Singh
RCB,Albie Morkel
RCB,Sachin Rana
RCB,Abu Nechim
RCB,Mitchell Starc
RCB,Shadab Jakati
RCB,Yuzvendra Chahal
RCB,Ashok Dinda
RCB,Varun Aaron
RCB,Manvinder Bisla
RCB,Dinesh Karthik
RCB,Mandeep Singh
RCB,Subramaniam Badrinath
RCB,Sarfaraz Khan
RCB,Darren Sammy
RCB,David Wiese
RCB,Sean Abbott
RCB,Jalaj Saxena
RCB,Iqbal Abdulla
RCB,Adam Milne
RCB,Sachin Baby
RCB,Travis Head
RCB,Parveez Rasool
RCB,Stuart Binny
RCB,Shane Watson
RCB,Samuel Badree
RCB,Vikramjeet Malik
RCB,Chris Jordan
RCB,Kane Richardson
RCB,Tabraiz Shamsi
RCB,Pravin Dubey
RCB,Vishnu Vinod
RCB,Harpreet Singh
RCB,Pawan Negi
RCB,Billy Stanlake
RCB,Aniket Choudhary
RCB,Tymal Mills
RCB,Avesh Khan
RCB,Quinton De Kock
RCB,Brendon McCullum
RCB,Pavan Deshpande
RCB,Manan Vohra
RCB,Moeen Ali
RCB,Chris Woakes
RCB,Corey Anderson
RCB,Colin De Grandhomme
RCB,Washington Sundar
RCB,Mohammed Siraj
RCB,Navdeep Saini
RCB,Murugan Ashwin
RCB,Tim Southee
RCB,Kulwant Khejroliya
RCB,Umesh Yadav
RCB,Heinrich Klaasen
RCB,Shimron Hetmyer
RCB,Milind Kumar
RCB,Devdutt Padikkal
RCB,Himmat Singh
RCB,Akshdeep Nath
RCB,Shivam Dube
RCB,Prayas Ray Barman
RCB,Josh Philippe
RCB,Aaron Finch
RCB,Isuru Udana
RCB,Adam Zampa
RCB,Finn Allen
RCB,K.S Bharat
RCB,Mohammed Azharuddeen
RCB,Suyash S Prabhudessai
RCB,Rajat Patidar
RCB,Scott Kuggeleijn
RCB,Wanindu Hasaranga
RCB,Glenn Maxwell
RCB,Daniel Sams
RCB,Tim David
RCB,Kyle Jamieson
RCB,Akash Deep
RCB,Dushmantha Chameera
RCB,George Garton
RCB,Faf Du Plessis
RCB,Anuj Rawat
RCB,Luvnith Sisodia
RCB,Sherfane Rutherford
RCB,David Willey
RCB,Mahipal Lomror
RCB,Shahbaz Ahamad
RCB,Aneeshwar Gautam
RCB,Jason Behrendorff
RCB,Josh Hazlewood
RCB,Karn Sharma
RCB,Will Jacks
RCB,Michael Bracewell
RCB,Sonu Yadav
RCB,Manoj Bhandage
RCB,Reece Topley
RCB,Himanshu Sharma
RCB,Rajan Kumar
RCB,Vyshak Vijaykumar
RCB,Wayne Parnell
RCB,Avinash Singh
RCB,Cameron Green
RCB,Saurav Chauhan
RCB,Swapnil Singh
RCB,Mayank Dagar
RCB,Alzarri Joseph
RCB,Lockie Ferguson
RCB,Yash Dayal
RCB,Tom Curran
RCB,Phil Salt
RCB,Jitesh Sharma
RCB,Swastik Chhikara
RCB,Liam Livingstone
RCB,Krunal Pandya
RCB,Romario Shepherd
RCB,Blessing Muzarabani
RCB,Rasikh Dar
RCB,Lungisani Ngidi
RCB,Abhinandan Singh
RCB,Mohit Rathee
RCB,Nuwan Thushara
RCB,Suyash Sharma
RCB,Jordan Cox
RCB,Jacob Bethell
RCB,Venkatesh Iyer
RCB,Satvik Deswal
RCB,Mangesh Yadav
RCB,Vicky Ostwal
RCB,Vihaan Malhotra
RCB,Kanishk Chouhan
RCB,Jacob Duffy
RR,Mahesh Rawat
RR,Graeme Smith
RR,Mohammad Kaif
RR,Ravindra Jadeja
RR,Gajendra Singh
RR,Yusuf Pathan
RR,Shane Watson
RR,Dimitri Mascarenhas
RR,Dinesh Salunkhe
RR,Pankaj Singh
RR,Siddharth Trivedi
RR,Munaf Patel
RR,Morne Morkel
RR,Naman Ojha
RR,Siddharth Chitnis
RR,Abhishek Raut
RR,Raiphi Gomez
RR,Johan Botha
RR,Amit Singh
RR,Shaun Tait
RR,Kamran Khan
RR,Amit Paunikar
RR,Paras Dogra
RR,Faiz Fazal
RR,Abhishek Jhunjhunwala
RR,Aaron Finch
RR,Shrikant Wagh
RR,Sumit Narwal
RR,Aditya Dole
RR,Dishant Yagnik
RR,Rahul Dravid
RR,Aakash Chopra
RR,Ajinkya Rahane
RR,Ankeet Chavan
RR,Ross Taylor
RR,Ashok Menaria
RR,Stuart Binny
RR,Paul Collingwood
RR,Jacob Oram
RR,Deepak Chahar
RR,Shreevats Goswami
RR,Owais Shah
RR,Brad Hodge
RR,Ajit Chandila
RR,Brad Hogg
RR,Kevon Cooper
RR,Shanthakumaran Sreesanth
RR,Sanju Samson
RR,Kushal Janith Perera
RR,Sachin Baby
RR,James Faulkner
RR,Pravin Tambe
RR,Harmeet Singh
RR,Rahul Shukla
RR,Samuel Badree
RR,Vikramjeet Malik
RR,Ankush Bains
RR,Karun Nair
RR,Unmukt Chand
RR,Abhishek Nayar
RR,Steve Smith
RR,Deepak Hooda
RR,Rajat Bhatia
RR,Ankit Sharma
RR,Ben Cutting
RR,Rahul Tewatia
RR,Iqbal Abdulla
RR,Kane Richardson
RR,Dhawal Kulkarni
RR,Tim Southee
RR,Chris Morris
RR,Juan Theron
RR,Barinder Sran
RR,Prashant Chopra
RR,Jos Buttler
RR,Aryaman Birla
RR,Heinrich Klaasen
RR,Rahul Tripathi
RR,Ben Stokes
RR,Shreyas Gopal
RR,Krishnappa Gowtham
RR,Mahipal Lomror
RR,Jofra Archer
RR,Dushmantha Chameera
RR,Sudhesan Midhun
RR,Jaydev Unadkat
RR,Ish Sodhi
RR,Ben Laughlin
RR,Anureet Singh
RR,Ashton Turner
RR,Riyan Parag
RR,Shashank Singh
RR,Manan Vohra
RR,Shubham Ranjane
RR,Liam Livingstone
RR,Oshane Thomas
RR,Yashasvi Jaiswal
RR,David Miller
RR,Robin Uthappa
RR,Anirudha Joshi
RR,Andrew Tye
RR,Kartik Tyagi
RR,Ankit Rajpoot
RR,Mayank Markande
RR,Akash Singh
RR,Tom Curran
RR,Glenn Phillips
RR,Evin Lewis
RR,Shivam Dube
RR,Kuldip Yadav
RR,Tabraiz Shamsi
RR,Chetan Sakariya
RR,KC Cariappa
RR,Mustafizur Rahman
RR,Devdutt Padikkal
RR,Rassie Van Der Dussen
RR,Shimron Hetmyer
RR,Dhruv Jurel
RR,Anunay Singh
RR,Daryl Mitchell
RR,Ravichandran Ashwin
RR,Corbin Bosch
RR,Shubham Garhwal
RR,Kuldeep Sen
RR,Nathan Coulter-Nile
RR,Navdeep Saini
RR,Obed McCoy
RR,Prasidh Krishna
RR,Tejas Baroka
RR,Trent Boult
RR,Yuzvendra Chahal
RR,Kunal Rathore
RR,Donovan Ferreira
RR,Joe Root
RR,Jason Holder
RR,Akash Vashisht
RR,Abdul P A
RR,KM Asif
RR,Murugan Ashwin
RR,Adam Zampa
RR,Rovman Powell
RR,Shubham Dubey
RR,Tom Kohler-Cadmore
RR,Tanush Kotian
RR,Abid Mushtaq
RR,Avesh Khan
RR,Keshav Maharaj
RR,Nandre Burger
RR,Vaibhav Suryavanshi
RR,Lhuan-dre Pretorius
RR,Wanindu Hasaranga
RR,Yudhvir Singh Charak
RR,Fazalhaq Farooqi
RR,Maheesh Theekshana
RR,Akash Madhwal
RR,Kumar Kartikeya Singh
RR,Ashok Sharma
RR,Tushar Deshpande
RR,Kwena Maphaka
RR,Ravi Singh
RR,Aman Rao Perala
RR,Sam Curran
RR,Ravi Bishnoi
RR,Sushant Mishra
RR,Yash Raj Punja
RR,Vignesh Puthur
RR,Brijesh Sharma
RR,Adam Milne
SRH,Quinton De Kock
SRH,Kumar Sangakkara
SRH,Parthiv Patel
SRH,Akshath Reddy
SRH,Hanuma Vihari
SRH,Thalaivan Sargunam
SRH,Dwaraka Ravi Teja
SRH,Shikhar Dhawan
SRH,Cameron White
SRH,Chris Lynn
SRH,Darren Sammy
SRH,Thisara Perera
SRH,Ankit Sharma
SRH,JP Duminy
SRH,Biplap Samantray
SRH,Sachin Rana
SRH,Sudeep Tyagi
SRH,Clint McKay
SRH,Amit Mishra
SRH,Karn Sharma
SRH,Nathan McCullum
SRH,Anand Rajan
SRH,Ashish Reddy
SRH,Ishant Sharma
SRH,Dale Steyn
SRH,Veer Pratap Singh
SRH,KL Rahul
SRH,Amit Paunikar
SRH,Ricky Bhui
SRH,Naman Ojha
SRH,Aaron Finch
SRH,David Warner
SRH,Srikkanth Anirudha
SRH,Manpreet Juneja
SRH,Moises Henriques
SRH,Parveez Rasool
SRH,Irfan Pathan
SRH,Jason Holder
SRH,Venugopal Rao
SRH,Bhuvneshwar Kumar
SRH,Chama Milind
SRH,Eoin Morgan
SRH,Kevin Pietersen
SRH,Kane Williamson
SRH,Bipul Sharma
SRH,Ravi Bopara
SRH,Laxmi Ratan Shukla
SRH,Trent Boult
SRH,Praveen Kumar
SRH,Siddharth Kaul
SRH,Aditya Tare
SRH,Tirumalasetti Suman
SRH,Yuvraj Singh
SRH,Deepak Hooda
SRH,Vijay Shankar
SRH,Ben Cutting
SRH,Ashish Nehra
SRH,Abhimanyu Mithun
SRH,Mustafizur Rahman
SRH,Barinder Sran
SRH,Eklavya Dwivedi
SRH,Pravin Tambe
SRH,Mohammad Nabi
SRH,Mohammed Siraj
SRH,Rashid Khan
SRH,Chris Jordan
SRH,Ben Laughlin
SRH,Wriddhiman Saha
SRH,Shreevats Goswami
SRH,Sachin Baby
SRH,Manish Pandey
SRH,Alex Hales
SRH,Shakib Al Hasan
SRH,Yusuf Pathan
SRH,Carlos Brathwaite
SRH,Khaleel Ahmed
SRH,Sandeep Sharma
SRH,Basil Thampi
SRH,Billy Stanlake
SRH,T Natarajan
SRH,Jonny Bairstow
SRH,Martin Guptill
SRH,Abhishek Sharma
SRH,Shahbaz Nadeem
SRH,Sanjay Yadav
SRH,Virat Singh
SRH,Priyam Garg
SRH,Abdul Samad
SRH,Mitchell Marsh
SRH,Fabian Allen
SRH,Sandeep Bavanaka
SRH,Prithvi Raj Yarra
SRH,Sherfane Rutherford
SRH,Jason Roy
SRH,Mujeeb Ur Rahman
SRH,Umran Malik
SRH,Jagadeesha Suchith
SRH,Aiden Markram
SRH,Rahul Tripathi
SRH,Glenn Phillips
SRH,Nicholas Pooran
SRH,Vishnu Vinod
SRH,Shashank Singh
SRH,Marco Jansen
SRH,Romario Shepherd
SRH,Washington Sundar
SRH,Sean Abbott
SRH,Shreyas Gopal
SRH,Fazalhaq Farooqi
SRH,Kartik Tyagi
SRH,Shushant Mishra
SRH,Harry Brook
SRH,Mayank Agarwal
SRH,Heinrich Klaasen
SRH,Anmolpreet Singh
SRH,Upendra Singh Yadav
SRH,Vivrant Sharma
SRH,Mayank Dagar
SRH,Samarth Vyas
SRH,Sanvir Singh
SRH,Nitish Kumar Reddy
SRH,Akeal Hosein
SRH,Adil Rashid
SRH,Mayank Markande
SRH,Travis Head
SRH,Shahbaz Ahamad
SRH,Wanindu Hasaranga
SRH,Pat Cummins
SRH,Akash Singh
SRH,Jhathavedh Subramanyan
SRH,Vijayakanth Viyaskanth
SRH,Ishan Kishan
SRH,Atharva Taide
SRH,Abhinav Manohar
SRH,Aniket Verma
SRH,Smaran Ravichandran
SRH,Harshal Patel
SRH,Kamindu Mendis
SRH,Wiaan Mulder
SRH,Harsh Dubey
SRH,Mohammad Shami
SRH,Rahul Chahar
SRH,Simarjeet Singh
SRH,Zeeshan Ansari
SRH,Eshan Malinga
SRH,Salil Arora
SRH,Brydon Carse
SRH,Shivang Kumar
SRH,Krains Fuletra
SRH,Liam Livingstone
SRH,Jack Edwards
SRH,Sakib Hussain
SRH,Onkar Tarmale
SRH,Amit Kumar
SRH,Praful Hinge
SRH,Shivam Mavi
